Day,"Initially fed","Initially fed",Starved,Starved
1,31.19233,22.78267,27.72767,30.71867
7,50.35133,46.08700,14.37267,17.60067
14,51.23967,32.99867,,
21,21.24267,32.16967,,